date,content,source
2025-04-05 20:21:00,"It's a MAG-7, not a MAGA problem: Treasury Secretary Scott Bessent taunts investors, says Wall Street wipeout is due to DeepSeek-led AI bubble, not Donald Trump's tariffs",Economic Times
2025-04-05 08:25:00,Elon Musk lost $11B—and he wasn’t even the biggest loser: Trump’s tariffs obliterate $208B in billionaire wealth,Economic Times
2025-04-04 22:22:00,"Tesla, chip stocks Intel, Qualcomm tumble as China's retaliation stokes fears of widening trade war",Economic Times
2025-04-04 16:49:00,Apple’s ‘Make in India’ dream meets tariff reality in Trump’s trade salvo,Economic Times
2025-04-04 14:59:00,"Trump's ally Elon Musk lost $100 billion, but Warren Buffett gained. What's he seeing that no one else is?",Economic Times
2025-04-03 23:19:00,Trump tariffs wipe out $2 trillion from US stock market,Economic Times
2025-04-03 19:26:00,"US tech, retail stocks lead rout after Trump's tariff blow; Apple shares down 9%, Amazon 7%",Economic Times
2025-04-03 09:31:00,Trump's new tariffs test Apple's global supply chain,Economic Times
2025-04-03 05:50:00,"Indian investors look beyond Magnificent 7, say Ni Hao to Chinese stocks",Economic Times
2025-04-02 07:17:00,"S&P, Nasdaq end higher as Wall Street gyrates in Trump-tariffs limbo",Economic Times
2025-04-01 23:58:00,US stocks gyrate as investors caught in Trump-tariffs limbo,Economic Times
2025-04-01 19:51:00,Zomato layoffs; OpenAI’s $300 billion valuation,Economic Times
2025-03-31 13:01:00,Japan's Nikkei closes near 8-month low on US tariff jitters,Economic Times
2025-03-31 11:10:00,Ahead of Market: 10 things that will decide stock market action on Tuesday,Economic Times
2025-03-31 08:04:00,Computer pioneer Microsoft turns 50 in the age of AI,Economic Times
2025-03-29 18:55:00,"Nvidia has lost $1 trillion in market value since January, is AI losing its mojo? Here’s what’s behind the drop",Economic Times
2025-03-29 11:09:00,CoreWeave disappoints on opening of trading,Economic Times
2025-03-29 10:14:00,"Nasdaq, S&P tumble 2% as fresh data fuels inflation fear",Economic Times
2025-03-28 18:11:00,"CoreWeave’s $23 billion IPO: A risky bet or AI’s next big opportunity? Can the Nvidia-backed AI cloud giant overcome market volatility, Microsoft dependence, and financial challenges?",Economic Times
2025-03-28 14:08:00,Investing Beyond Borders: Why US markets are a smart bet for Indian Investors,Economic Times
2025-03-28 08:14:00,US cloud computing firm CoreWeave to raise $1.5 billion in IPO,Economic Times
2025-03-27 13:45:00,Hurun Top Ten Global Billionaires: Trump’s top aide beats Jeff Bezos. Check who are the world's richest,Economic Times
2025-03-24 21:35:00,Tesla stock rebounds as talks on Trump’s Reciprocal tariffs gain momentum—Investor sentiment unveiled,Economic Times
2025-03-23 19:14:00,Stumbling stock market raises specter of Dot-Com era reckoning,Economic Times
2025-03-23 17:40:00,"Why India needs a strategic cryptocurrency reserve, before it’s too late",Economic Times
2025-03-23 13:56:00,Pick the right stocks and stay invested: Vikas Khemani on navigating IT sector,Economic Times
2025-03-21 20:53:00,Rise of the white-collar NRI gives India hard power,Economic Times
2025-03-21 08:38:00,Nvidia-backed CoreWeave targets up to $32 billion valuation in test for AI IPOs,Economic Times
2025-03-19 01:07:00,"Nvidia GTC: Stock over 2% down amid General Motors partnership, new AI chip announcements",Economic Times
2025-04-05 20:21:00,"It's a MAG-7, not a MAGA problem: Treasury Secretary Scott Bessent taunts investors, says Wall Street wipeout is due to DeepSeek-led AI bubble, not Donald Trump's tariffs",Economic Times
2025-04-05 08:25:00,Elon Musk lost $11B—and he wasn’t even the biggest loser: Trump’s tariffs obliterate $208B in billionaire wealth,Economic Times
2025-04-04 22:22:00,"Tesla, chip stocks Intel, Qualcomm tumble as China's retaliation stokes fears of widening trade war",Economic Times
2025-04-04 16:49:00,Apple’s ‘Make in India’ dream meets tariff reality in Trump’s trade salvo,Economic Times
2025-04-04 14:59:00,"Trump's ally Elon Musk lost $100 billion, but Warren Buffett gained. What's he seeing that no one else is?",Economic Times
2025-04-03 23:19:00,Trump tariffs wipe out $2 trillion from US stock market,Economic Times
2025-04-03 19:26:00,"US tech, retail stocks lead rout after Trump's tariff blow; Apple shares down 9%, Amazon 7%",Economic Times
2025-04-03 09:31:00,Trump's new tariffs test Apple's global supply chain,Economic Times
2025-04-03 05:50:00,"Indian investors look beyond Magnificent 7, say Ni Hao to Chinese stocks",Economic Times
2025-04-02 07:17:00,"S&P, Nasdaq end higher as Wall Street gyrates in Trump-tariffs limbo",Economic Times
2025-04-01 23:58:00,US stocks gyrate as investors caught in Trump-tariffs limbo,Economic Times
2025-04-01 19:51:00,Zomato layoffs; OpenAI’s $300 billion valuation,Economic Times
2025-03-31 13:01:00,Japan's Nikkei closes near 8-month low on US tariff jitters,Economic Times
2025-03-31 11:10:00,Ahead of Market: 10 things that will decide stock market action on Tuesday,Economic Times
2025-03-31 08:04:00,Computer pioneer Microsoft turns 50 in the age of AI,Economic Times
2025-03-29 18:55:00,"Nvidia has lost $1 trillion in market value since January, is AI losing its mojo? Here’s what’s behind the drop",Economic Times
2025-03-29 11:09:00,CoreWeave disappoints on opening of trading,Economic Times
2025-03-29 10:14:00,"Nasdaq, S&P tumble 2% as fresh data fuels inflation fear",Economic Times
2025-03-28 18:11:00,"CoreWeave’s $23 billion IPO: A risky bet or AI’s next big opportunity? Can the Nvidia-backed AI cloud giant overcome market volatility, Microsoft dependence, and financial challenges?",Economic Times
2025-03-28 14:08:00,Investing Beyond Borders: Why US markets are a smart bet for Indian Investors,Economic Times
2025-03-28 08:14:00,US cloud computing firm CoreWeave to raise $1.5 billion in IPO,Economic Times
2025-03-27 13:45:00,Hurun Top Ten Global Billionaires: Trump’s top aide beats Jeff Bezos. Check who are the world's richest,Economic Times
2025-03-24 21:35:00,Tesla stock rebounds as talks on Trump’s Reciprocal tariffs gain momentum—Investor sentiment unveiled,Economic Times
2025-03-23 19:14:00,Stumbling stock market raises specter of Dot-Com era reckoning,Economic Times
2025-03-23 17:40:00,"Why India needs a strategic cryptocurrency reserve, before it’s too late",Economic Times
2025-03-23 13:56:00,Pick the right stocks and stay invested: Vikas Khemani on navigating IT sector,Economic Times
2025-03-21 20:53:00,Rise of the white-collar NRI gives India hard power,Economic Times
2025-03-21 08:38:00,Nvidia-backed CoreWeave targets up to $32 billion valuation in test for AI IPOs,Economic Times
2025-03-19 01:07:00,"Nvidia GTC: Stock over 2% down amid General Motors partnership, new AI chip announcements",Economic Times
2025-04-05 20:21:00,"It's a MAG-7, not a MAGA problem: Treasury Secretary Scott Bessent taunts investors, says Wall Street wipeout is due to DeepSeek-led AI bubble, not Donald Trump's tariffs",Economic Times
2025-04-05 08:25:00,Elon Musk lost $11B—and he wasn’t even the biggest loser: Trump’s tariffs obliterate $208B in billionaire wealth,Economic Times
2025-04-04 22:22:00,"Tesla, chip stocks Intel, Qualcomm tumble as China's retaliation stokes fears of widening trade war",Economic Times
2025-04-04 16:49:00,Apple’s ‘Make in India’ dream meets tariff reality in Trump’s trade salvo,Economic Times
2025-04-04 14:59:00,"Trump's ally Elon Musk lost $100 billion, but Warren Buffett gained. What's he seeing that no one else is?",Economic Times
2025-04-03 23:19:00,Trump tariffs wipe out $2 trillion from US stock market,Economic Times
2025-04-03 19:26:00,"US tech, retail stocks lead rout after Trump's tariff blow; Apple shares down 9%, Amazon 7%",Economic Times
2025-04-03 09:31:00,Trump's new tariffs test Apple's global supply chain,Economic Times
2025-04-03 05:50:00,"Indian investors look beyond Magnificent 7, say Ni Hao to Chinese stocks",Economic Times
2025-04-02 07:17:00,"S&P, Nasdaq end higher as Wall Street gyrates in Trump-tariffs limbo",Economic Times
2025-04-01 23:58:00,US stocks gyrate as investors caught in Trump-tariffs limbo,Economic Times
2025-04-01 19:51:00,Zomato layoffs; OpenAI’s $300 billion valuation,Economic Times
2025-03-31 13:01:00,Japan's Nikkei closes near 8-month low on US tariff jitters,Economic Times
2025-03-31 11:10:00,Ahead of Market: 10 things that will decide stock market action on Tuesday,Economic Times
2025-03-31 08:04:00,Computer pioneer Microsoft turns 50 in the age of AI,Economic Times
2025-03-29 18:55:00,"Nvidia has lost $1 trillion in market value since January, is AI losing its mojo? Here’s what’s behind the drop",Economic Times
2025-03-29 11:09:00,CoreWeave disappoints on opening of trading,Economic Times
2025-03-29 10:14:00,"Nasdaq, S&P tumble 2% as fresh data fuels inflation fear",Economic Times
2025-03-28 18:11:00,"CoreWeave’s $23 billion IPO: A risky bet or AI’s next big opportunity? Can the Nvidia-backed AI cloud giant overcome market volatility, Microsoft dependence, and financial challenges?",Economic Times
2025-03-28 14:08:00,Investing Beyond Borders: Why US markets are a smart bet for Indian Investors,Economic Times
2025-03-28 08:14:00,US cloud computing firm CoreWeave to raise $1.5 billion in IPO,Economic Times
2025-03-27 13:45:00,Hurun Top Ten Global Billionaires: Trump’s top aide beats Jeff Bezos. Check who are the world's richest,Economic Times
2025-03-24 21:35:00,Tesla stock rebounds as talks on Trump’s Reciprocal tariffs gain momentum—Investor sentiment unveiled,Economic Times
2025-03-23 19:14:00,Stumbling stock market raises specter of Dot-Com era reckoning,Economic Times
2025-03-23 17:40:00,"Why India needs a strategic cryptocurrency reserve, before it’s too late",Economic Times
2025-03-23 13:56:00,Pick the right stocks and stay invested: Vikas Khemani on navigating IT sector,Economic Times
2025-03-21 20:53:00,Rise of the white-collar NRI gives India hard power,Economic Times
2025-03-21 08:38:00,Nvidia-backed CoreWeave targets up to $32 billion valuation in test for AI IPOs,Economic Times
2025-03-19 01:07:00,"Nvidia GTC: Stock over 2% down amid General Motors partnership, new AI chip announcements",Economic Times
2025-04-05 20:21:00,"It's a MAG-7, not a MAGA problem: Treasury Secretary Scott Bessent taunts investors, says Wall Street wipeout is due to DeepSeek-led AI bubble, not Donald Trump's tariffs",Economic Times
2025-04-05 08:25:00,Elon Musk lost $11B—and he wasn’t even the biggest loser: Trump’s tariffs obliterate $208B in billionaire wealth,Economic Times
2025-04-04 22:22:00,"Tesla, chip stocks Intel, Qualcomm tumble as China's retaliation stokes fears of widening trade war",Economic Times
2025-04-04 16:49:00,Apple’s ‘Make in India’ dream meets tariff reality in Trump’s trade salvo,Economic Times
2025-04-04 14:59:00,"Trump's ally Elon Musk lost $100 billion, but Warren Buffett gained. What's he seeing that no one else is?",Economic Times
2025-04-03 23:19:00,Trump tariffs wipe out $2 trillion from US stock market,Economic Times
2025-04-03 19:26:00,"US tech, retail stocks lead rout after Trump's tariff blow; Apple shares down 9%, Amazon 7%",Economic Times
2025-04-03 09:31:00,Trump's new tariffs test Apple's global supply chain,Economic Times
2025-04-03 05:50:00,"Indian investors look beyond Magnificent 7, say Ni Hao to Chinese stocks",Economic Times
2025-04-02 07:17:00,"S&P, Nasdaq end higher as Wall Street gyrates in Trump-tariffs limbo",Economic Times
2025-04-01 23:58:00,US stocks gyrate as investors caught in Trump-tariffs limbo,Economic Times
2025-04-01 19:51:00,Zomato layoffs; OpenAI’s $300 billion valuation,Economic Times
2025-03-31 13:01:00,Japan's Nikkei closes near 8-month low on US tariff jitters,Economic Times
2025-03-31 11:10:00,Ahead of Market: 10 things that will decide stock market action on Tuesday,Economic Times
2025-03-31 08:04:00,Computer pioneer Microsoft turns 50 in the age of AI,Economic Times
2025-03-29 18:55:00,"Nvidia has lost $1 trillion in market value since January, is AI losing its mojo? Here’s what’s behind the drop",Economic Times
2025-03-29 11:09:00,CoreWeave disappoints on opening of trading,Economic Times
2025-03-29 10:14:00,"Nasdaq, S&P tumble 2% as fresh data fuels inflation fear",Economic Times
2025-03-28 18:11:00,"CoreWeave’s $23 billion IPO: A risky bet or AI’s next big opportunity? Can the Nvidia-backed AI cloud giant overcome market volatility, Microsoft dependence, and financial challenges?",Economic Times
2025-03-28 14:08:00,Investing Beyond Borders: Why US markets are a smart bet for Indian Investors,Economic Times
2025-03-28 08:14:00,US cloud computing firm CoreWeave to raise $1.5 billion in IPO,Economic Times
2025-03-27 13:45:00,Hurun Top Ten Global Billionaires: Trump’s top aide beats Jeff Bezos. Check who are the world's richest,Economic Times
2025-03-24 21:35:00,Tesla stock rebounds as talks on Trump’s Reciprocal tariffs gain momentum—Investor sentiment unveiled,Economic Times
2025-03-23 19:14:00,Stumbling stock market raises specter of Dot-Com era reckoning,Economic Times
2025-03-23 17:40:00,"Why India needs a strategic cryptocurrency reserve, before it’s too late",Economic Times
2025-03-23 13:56:00,Pick the right stocks and stay invested: Vikas Khemani on navigating IT sector,Economic Times
2025-03-21 20:53:00,Rise of the white-collar NRI gives India hard power,Economic Times
2025-03-21 08:38:00,Nvidia-backed CoreWeave targets up to $32 billion valuation in test for AI IPOs,Economic Times
2025-03-19 01:07:00,"Nvidia GTC: Stock over 2% down amid General Motors partnership, new AI chip announcements",Economic Times
2025-04-05 20:21:00,"It's a MAG-7, not a MAGA problem: Treasury Secretary Scott Bessent taunts investors, says Wall Street wipeout is due to DeepSeek-led AI bubble, not Donald Trump's tariffs",Economic Times
2025-04-05 08:25:00,Elon Musk lost $11B—and he wasn’t even the biggest loser: Trump’s tariffs obliterate $208B in billionaire wealth,Economic Times
2025-04-04 22:22:00,"Tesla, chip stocks Intel, Qualcomm tumble as China's retaliation stokes fears of widening trade war",Economic Times
2025-04-04 16:49:00,Apple’s ‘Make in India’ dream meets tariff reality in Trump’s trade salvo,Economic Times
2025-04-04 14:59:00,"Trump's ally Elon Musk lost $100 billion, but Warren Buffett gained. What's he seeing that no one else is?",Economic Times
2025-04-03 23:19:00,Trump tariffs wipe out $2 trillion from US stock market,Economic Times
2025-04-03 19:26:00,"US tech, retail stocks lead rout after Trump's tariff blow; Apple shares down 9%, Amazon 7%",Economic Times
2025-04-03 09:31:00,Trump's new tariffs test Apple's global supply chain,Economic Times
2025-04-03 05:50:00,"Indian investors look beyond Magnificent 7, say Ni Hao to Chinese stocks",Economic Times
2025-04-02 07:17:00,"S&P, Nasdaq end higher as Wall Street gyrates in Trump-tariffs limbo",Economic Times
2025-04-01 23:58:00,US stocks gyrate as investors caught in Trump-tariffs limbo,Economic Times
2025-04-01 19:51:00,Zomato layoffs; OpenAI’s $300 billion valuation,Economic Times
2025-03-31 13:01:00,Japan's Nikkei closes near 8-month low on US tariff jitters,Economic Times
2025-03-31 11:10:00,Ahead of Market: 10 things that will decide stock market action on Tuesday,Economic Times
2025-03-31 08:04:00,Computer pioneer Microsoft turns 50 in the age of AI,Economic Times
2025-03-29 18:55:00,"Nvidia has lost $1 trillion in market value since January, is AI losing its mojo? Here’s what’s behind the drop",Economic Times
2025-03-29 11:09:00,CoreWeave disappoints on opening of trading,Economic Times
2025-03-29 10:14:00,"Nasdaq, S&P tumble 2% as fresh data fuels inflation fear",Economic Times
2025-03-28 18:11:00,"CoreWeave’s $23 billion IPO: A risky bet or AI’s next big opportunity? Can the Nvidia-backed AI cloud giant overcome market volatility, Microsoft dependence, and financial challenges?",Economic Times
2025-03-28 14:08:00,Investing Beyond Borders: Why US markets are a smart bet for Indian Investors,Economic Times
2025-03-28 08:14:00,US cloud computing firm CoreWeave to raise $1.5 billion in IPO,Economic Times
2025-03-27 13:45:00,Hurun Top Ten Global Billionaires: Trump’s top aide beats Jeff Bezos. Check who are the world's richest,Economic Times
2025-03-24 21:35:00,Tesla stock rebounds as talks on Trump’s Reciprocal tariffs gain momentum—Investor sentiment unveiled,Economic Times
2025-03-23 19:14:00,Stumbling stock market raises specter of Dot-Com era reckoning,Economic Times
2025-03-23 17:40:00,"Why India needs a strategic cryptocurrency reserve, before it’s too late",Economic Times
2025-03-23 13:56:00,Pick the right stocks and stay invested: Vikas Khemani on navigating IT sector,Economic Times
2025-03-21 20:53:00,Rise of the white-collar NRI gives India hard power,Economic Times
2025-03-21 08:38:00,Nvidia-backed CoreWeave targets up to $32 billion valuation in test for AI IPOs,Economic Times
2025-03-19 01:07:00,"Nvidia GTC: Stock over 2% down amid General Motors partnership, new AI chip announcements",Economic Times
